ERPZ APS,Planejamento APS & CRP,pt-BR
APS Ticket,Ticket APS/CRP,pt-BR
APS Settings,Parâmetros do APS,pt-BR
APS Resource,Recurso / Posto de Trabalho,pt-BR
APS Resource Block,Bloqueio de Recurso,pt-BR
APS Scheduled Operation,Operação Programada,pt-BR
APS Capacity Load,Carga x Capacidade (CRP),pt-BR
APS Execution Log,Apontamento de Produção,pt-BR
APS Adjustment History,Histórico de Ajustes Gantt,pt-BR
Programação & Gantt (APS),Gantt & Sequenciamento,pt-BR
Tickets de Sequenciamento,Tickets APS/CRP,pt-BR
